order_id,user_id,order_date,order_value,order_status,payment_status,discount_applied,category
1,187,2024-05-19,1762,delivered,success,0,Beauty
2,164,2024-05-08,4976,returned,failed,0,Home
3,147,2024-09-02,1884,delivered,success,1,Beauty
4,90,2024-03-08,782,returned,failed,1,Beauty
5,195,2024-04-15,3479,delivered,success,1,Home
6,147,2024-04-10,1549,delivered,success,1,Beauty
7,148,2024-06-25,930,delivered,success,0,Home
8,96,2024-06-07,961,delivered,success,0,Home
9,199,2024-04-25,3803,delivered,success,1,Home
10,52,2024-03-13,3152,placed,success,0,Home
11,161,2024-05-10,2766,delivered,success,0,Electronics
12,168,2024-03-12,1287,returned,failed,0,Home
13,128,2024-07-15,1846,delivered,success,0,Fashion
14,39,2024-03-05,949,delivered,success,0,Fashion
15,82,2024-02-17,1268,delivered,success,0,Fashion
16,104,2024-07-14,2937,delivered,success,0,Home
17,129,2024-07-02,1400,delivered,success,1,Fashion
18,11,2024-09-17,740,delivered,success,0,Electronics
19,185,2024-06-01,1069,placed,failed,0,Beauty
20,178,2024-04-16,1643,delivered,success,0,Home
21,151,2024-04-27,4658,delivered,success,1,Fashion
22,159,2024-05-27,4029,delivered,success,0,Electronics
23,42,2024-05-16,4206,returned,success,0,Beauty
24,99,2024-04-26,1877,delivered,success,0,Electronics
25,7,2024-08-31,4308,delivered,success,0,Fashion
26,144,2024-02-27,3651,delivered,success,1,Electronics
27,90,2024-03-28,2649,returned,success,1,Beauty
28,112,2024-03-02,3902,delivered,success,0,Fashion
29,60,2024-06-13,1541,delivered,success,0,Beauty
30,113,2024-09-06,1425,delivered,success,1,Electronics
31,2,2024-07-17,2901,delivered,success,0,Home
32,129,2024-05-08,1490,delivered,success,0,Home
33,48,2024-02-12,4431,delivered,success,0,Home
34,140,2024-09-24,4748,delivered,success,1,Home
35,197,2024-03-24,372,delivered,success,0,Beauty
36,37,2024-08-17,2214,delivered,success,0,Home
37,160,2024-06-17,2772,delivered,success,1,Beauty
38,9,2024-07-22,3346,delivered,success,0,Fashion
39,99,2024-06-24,1007,delivered,success,0,Home
40,147,2024-07-03,2104,returned,success,1,Beauty
41,48,2024-08-31,4013,delivered,success,0,Home
42,131,2024-09-07,2864,delivered,success,0,Home
43,148,2024-08-08,2775,placed,success,0,Home
44,152,2024-06-01,3910,delivered,success,0,Beauty
45,54,2024-03-17,4555,delivered,success,0,Electronics
46,120,2024-04-04,3123,delivered,success,0,Home
47,161,2024-06-09,2035,delivered,success,0,Home
48,152,2024-03-25,1885,placed,failed,1,Fashion
49,116,2024-05-17,366,delivered,success,0,Electronics
50,75,2024-08-11,3361,delivered,success,0,Beauty
51,113,2024-03-22,2728,placed,failed,0,Fashion
52,200,2024-07-30,4453,delivered,failed,1,Home
53,164,2024-03-07,641,delivered,success,0,Fashion
54,166,2024-05-25,3074,delivered,success,0,Fashion
55,104,2024-02-26,3117,delivered,success,0,Home
56,84,2024-02-29,2961,delivered,success,0,Electronics
57,112,2024-06-28,1532,delivered,success,0,Electronics
58,99,2024-02-11,4174,placed,success,1,Fashion
59,153,2024-03-11,2701,delivered,success,0,Home
60,93,2024-02-11,1794,returned,success,0,Beauty
61,146,2024-07-13,4511,delivered,success,0,Fashion
62,128,2024-05-23,961,delivered,success,1,Beauty
63,110,2024-08-05,4183,delivered,success,0,Fashion
64,82,2024-03-10,3919,delivered,success,0,Fashion
65,194,2024-09-19,2168,delivered,success,0,Home
66,54,2024-09-14,2634,delivered,success,0,Home
67,163,2024-03-25,3674,returned,success,0,Beauty
68,189,2024-05-08,1316,delivered,failed,0,Beauty
69,169,2024-03-26,4706,placed,success,0,Electronics
70,161,2024-05-21,507,delivered,success,0,Home
71,68,2024-07-01,2965,delivered,success,0,Fashion
72,33,2024-06-29,2793,delivered,success,0,Fashion
73,142,2024-04-09,932,delivered,success,0,Electronics
74,21,2024-03-27,2402,placed,success,1,Home
75,48,2024-03-04,3259,delivered,success,1,Fashion
76,148,2024-03-07,3383,delivered,success,1,Electronics
77,128,2024-09-26,2231,delivered,success,1,Electronics
78,136,2024-06-27,4019,delivered,success,0,Fashion
79,135,2024-08-29,2862,delivered,failed,1,Fashion
80,195,2024-09-14,1979,placed,failed,0,Beauty
81,145,2024-09-22,536,delivered,success,0,Home
82,128,2024-04-21,4743,delivered,success,0,Beauty
83,33,2024-08-08,1840,returned,success,0,Electronics
84,176,2024-05-19,4243,delivered,success,1,Fashion
85,187,2024-09-22,663,placed,success,0,Beauty
86,115,2024-09-13,2668,returned,failed,0,Electronics
87,119,2024-08-19,585,delivered,success,1,Home
88,22,2024-07-03,448,delivered,success,0,Fashion
89,158,2024-08-12,4337,delivered,success,0,Beauty
90,38,2024-04-13,4851,delivered,failed,1,Home
91,109,2024-08-19,2066,delivered,success,0,Beauty
92,51,2024-03-11,1312,placed,success,0,Electronics
93,182,2024-02-17,3131,delivered,success,0,Home
94,8,2024-06-08,2807,delivered,success,0,Beauty
95,27,2024-09-04,1823,delivered,success,1,Home
96,27,2024-04-01,3085,delivered,failed,0,Electronics
97,21,2024-07-20,2856,delivered,success,0,Home
98,30,2024-05-14,4025,placed,success,0,Beauty
99,97,2024-03-13,4876,returned,success,0,Electronics
100,28,2024-02-25,1901,returned,success,1,Fashion
101,111,2024-03-10,2708,delivered,success,0,Beauty
102,192,2024-03-06,640,returned,success,0,Beauty
103,197,2024-06-10,3117,delivered,success,0,Electronics
104,61,2024-09-16,2796,returned,success,1,Electronics
105,48,2024-05-18,2025,placed,success,1,Fashion
106,147,2024-07-21,1989,delivered,success,0,Beauty
107,4,2024-07-28,3567,delivered,success,0,Electronics
108,35,2024-09-09,4706,delivered,success,0,Fashion
109,192,2024-05-12,561,delivered,success,1,Fashion
110,49,2024-05-08,1742,delivered,success,0,Electronics
111,17,2024-02-12,705,delivered,success,1,Beauty
112,172,2024-02-19,2490,delivered,success,0,Home
113,158,2024-05-11,4737,delivered,success,1,Home
114,46,2024-03-15,543,delivered,success,0,Fashion
115,117,2024-08-05,4885,delivered,success,0,Home
116,6,2024-03-20,4407,delivered,success,0,Home
117,99,2024-08-07,860,delivered,success,0,Electronics
118,124,2024-02-17,4437,delivered,failed,1,Fashion
119,37,2024-04-14,3025,delivered,success,1,Beauty
120,24,2024-03-28,893,returned,success,1,Fashion
121,93,2024-03-26,2126,delivered,success,0,Electronics
122,46,2024-03-18,3529,delivered,failed,0,Home
123,181,2024-02-12,3587,returned,success,1,Beauty
124,95,2024-04-02,4373,delivered,success,0,Fashion
125,99,2024-04-20,433,placed,success,0,Home
126,188,2024-09-03,3438,delivered,success,0,Fashion
127,116,2024-04-23,4219,placed,success,0,Beauty
128,191,2024-02-08,372,delivered,success,0,Fashion
129,160,2024-09-10,4794,delivered,success,0,Fashion
130,161,2024-06-28,4525,delivered,success,0,Fashion
131,67,2024-04-21,3278,returned,success,1,Home
132,128,2024-09-02,4661,delivered,success,0,Beauty
133,18,2024-09-16,2285,delivered,success,0,Beauty
134,25,2024-05-28,1092,delivered,success,0,Home
135,54,2024-08-26,4559,delivered,success,1,Home
136,58,2024-08-16,394,placed,failed,0,Home
137,67,2024-08-18,1433,delivered,success,0,Electronics
138,104,2024-02-25,537,delivered,success,0,Fashion
139,174,2024-08-28,3246,delivered,success,0,Fashion
140,24,2024-04-29,2830,delivered,success,0,Beauty
141,114,2024-02-12,2260,delivered,failed,1,Fashion
142,32,2024-06-22,1348,placed,success,1,Electronics
143,175,2024-03-30,2829,delivered,success,0,Home
144,86,2024-07-03,3264,delivered,success,0,Beauty
145,151,2024-09-20,1263,delivered,success,1,Beauty
146,194,2024-05-19,836,placed,success,0,Fashion
147,127,2024-02-26,4523,delivered,success,1,Beauty
148,155,2024-03-18,3979,returned,success,0,Home
149,130,2024-03-03,4487,delivered,success,1,Beauty
150,17,2024-02-10,4024,returned,success,1,Home
151,104,2024-02-16,842,delivered,failed,1,Electronics
152,161,2024-08-17,1145,returned,success,1,Electronics
153,137,2024-06-24,3903,delivered,success,0,Home
154,43,2024-06-30,3336,returned,success,1,Fashion
155,176,2024-02-26,2794,returned,success,0,Beauty
156,39,2024-08-31,4785,delivered,success,0,Fashion
157,170,2024-04-26,3019,returned,success,1,Beauty
158,26,2024-06-14,2184,delivered,success,1,Electronics
159,99,2024-02-14,4438,delivered,success,1,Electronics
160,50,2024-04-19,4649,delivered,success,0,Electronics
161,153,2024-05-27,3501,delivered,success,1,Beauty
162,152,2024-02-07,3010,placed,success,1,Electronics
163,13,2024-06-16,2253,delivered,success,0,Electronics
164,60,2024-05-25,4150,returned,success,0,Electronics
165,135,2024-07-25,989,delivered,success,0,Electronics
166,57,2024-04-12,2250,delivered,success,0,Fashion
167,36,2024-03-30,756,returned,success,1,Electronics
168,173,2024-09-02,2430,returned,success,0,Electronics
169,20,2024-09-08,4276,returned,success,1,Fashion
170,65,2024-04-22,4544,delivered,success,1,Fashion
171,8,2024-09-10,1479,returned,success,0,Beauty
172,144,2024-09-09,4585,delivered,success,1,Home
173,142,2024-05-26,3865,delivered,success,0,Electronics
174,115,2024-07-16,1182,delivered,success,1,Electronics
175,143,2024-09-14,699,delivered,success,0,Electronics
176,92,2024-06-25,908,delivered,success,1,Beauty
177,98,2024-08-05,1938,delivered,success,0,Electronics
178,66,2024-09-21,2448,delivered,success,0,Home
179,32,2024-05-13,1682,delivered,success,1,Fashion
180,191,2024-02-17,1703,delivered,success,0,Beauty
181,86,2024-02-14,1119,delivered,success,0,Fashion
182,51,2024-07-08,3592,delivered,success,0,Electronics
183,153,2024-07-01,1119,placed,success,1,Electronics
184,186,2024-09-14,719,placed,success,0,Electronics
185,63,2024-05-18,4519,delivered,success,0,Home
186,190,2024-08-06,4817,returned,success,0,Home
187,125,2024-03-16,3602,delivered,success,0,Beauty
188,150,2024-05-08,1808,delivered,success,0,Fashion
189,58,2024-06-10,1067,delivered,success,0,Electronics
190,58,2024-03-08,2344,delivered,success,0,Electronics
191,86,2024-07-20,2439,delivered,success,0,Electronics
192,49,2024-07-17,3329,delivered,success,0,Electronics
193,180,2024-09-05,1849,placed,success,1,Home
194,170,2024-08-01,2064,delivered,success,0,Fashion
195,70,2024-09-02,2945,placed,success,0,Fashion
196,15,2024-05-18,4016,delivered,success,1,Beauty
197,54,2024-03-10,4905,delivered,success,0,Home
198,188,2024-02-15,4781,delivered,success,1,Electronics
199,101,2024-05-30,2593,delivered,failed,0,Fashion
200,8,2024-02-04,3008,delivered,success,0,Fashion
201,53,2024-05-03,1200,returned,failed,0,Home
202,60,2024-09-01,3384,returned,failed,1,Beauty
203,108,2024-07-02,2309,placed,success,1,Beauty
204,5,2024-06-20,541,delivered,success,0,Electronics
205,103,2024-08-28,2685,delivered,success,0,Beauty
206,196,2024-07-10,4568,delivered,success,1,Fashion
207,6,2024-02-16,971,delivered,success,0,Beauty
208,109,2024-09-24,463,returned,success,0,Electronics
209,116,2024-07-19,764,returned,success,1,Fashion
210,94,2024-05-18,3342,delivered,success,1,Beauty
211,47,2024-06-05,4892,delivered,success,0,Beauty
212,99,2024-08-12,2742,delivered,success,1,Home
213,55,2024-03-26,2655,delivered,success,1,Electronics
214,168,2024-09-14,4578,delivered,success,0,Beauty
215,52,2024-07-19,2857,delivered,success,0,Home
216,144,2024-03-05,845,delivered,failed,0,Fashion
217,13,2024-07-07,4135,delivered,success,1,Home
218,114,2024-02-13,893,delivered,success,1,Home
219,124,2024-06-20,4104,returned,success,0,Beauty
220,106,2024-02-18,1759,delivered,success,1,Beauty
221,158,2024-07-09,3793,delivered,success,0,Beauty
222,147,2024-05-06,2901,delivered,success,0,Home
223,145,2024-09-14,2744,placed,success,0,Fashion
224,120,2024-06-02,2972,placed,success,0,Electronics
225,63,2024-03-10,4500,delivered,failed,1,Home
226,19,2024-03-17,316,returned,success,0,Beauty
227,92,2024-02-29,3491,delivered,success,1,Electronics
228,58,2024-08-08,692,returned,success,0,Fashion
229,183,2024-09-08,724,delivered,success,0,Electronics
230,90,2024-04-02,871,delivered,success,1,Beauty
231,117,2024-09-23,3931,delivered,success,0,Home
232,62,2024-08-03,1420,delivered,success,0,Home
233,23,2024-02-16,541,delivered,failed,0,Beauty
234,127,2024-08-02,4197,delivered,success,1,Home
235,137,2024-09-23,4395,delivered,success,0,Beauty
236,140,2024-09-26,2579,returned,success,0,Home
237,129,2024-05-31,1088,returned,success,0,Home
238,58,2024-02-10,1014,returned,success,0,Home
239,122,2024-07-07,3149,delivered,success,1,Fashion
240,1,2024-07-02,1075,delivered,success,0,Fashion
241,34,2024-05-13,4326,delivered,success,0,Beauty
242,96,2024-04-24,2547,delivered,success,0,Fashion
243,126,2024-06-12,378,delivered,success,0,Beauty
244,118,2024-04-05,4226,delivered,success,1,Electronics
245,48,2024-09-09,1155,delivered,success,0,Electronics
246,89,2024-07-26,2448,delivered,success,1,Fashion
247,117,2024-02-03,1331,returned,success,0,Electronics
248,129,2024-07-22,3571,delivered,success,0,Electronics
249,16,2024-06-21,3876,placed,success,1,Home
250,189,2024-05-30,4482,placed,success,0,Home
251,192,2024-07-07,3756,returned,success,1,Beauty
252,191,2024-04-08,3806,delivered,success,1,Electronics
253,69,2024-06-25,707,delivered,success,0,Beauty
254,22,2024-08-08,3011,delivered,success,0,Beauty
255,93,2024-03-08,3388,delivered,success,1,Electronics
256,195,2024-07-02,1968,delivered,success,0,Fashion
257,76,2024-07-25,447,delivered,success,0,Electronics
258,154,2024-08-11,4627,delivered,success,0,Home
259,144,2024-07-30,4197,delivered,failed,0,Electronics
260,179,2024-09-25,2250,delivered,success,1,Fashion
261,86,2024-08-25,665,returned,success,0,Beauty
262,185,2024-04-13,1974,delivered,success,0,Beauty
263,29,2024-06-22,4831,delivered,success,0,Home
264,69,2024-03-20,4794,delivered,success,0,Home
265,47,2024-05-31,2846,placed,success,0,Home
266,94,2024-04-28,862,delivered,success,1,Beauty
267,190,2024-08-14,3862,delivered,success,0,Home
268,197,2024-06-19,2789,placed,success,1,Electronics
269,144,2024-08-05,1072,delivered,success,1,Beauty
270,176,2024-03-08,2337,delivered,success,0,Fashion
271,85,2024-04-01,3723,placed,success,0,Beauty
272,39,2024-09-16,2867,returned,failed,0,Electronics
273,100,2024-07-20,1873,delivered,success,0,Electronics
274,33,2024-06-03,3994,delivered,success,1,Home
275,101,2024-08-16,3591,delivered,success,1,Beauty
276,23,2024-03-10,1546,delivered,success,0,Beauty
277,10,2024-08-02,4019,placed,success,0,Beauty
278,69,2024-04-03,4139,delivered,success,1,Fashion
279,100,2024-03-17,659,returned,success,1,Home
280,34,2024-04-28,2676,delivered,success,0,Electronics
281,180,2024-02-11,3309,delivered,success,0,Electronics
282,138,2024-04-02,3293,delivered,failed,0,Home
283,147,2024-04-17,1262,delivered,success,1,Electronics
284,186,2024-09-13,3932,delivered,success,0,Electronics
285,96,2024-07-02,2127,delivered,success,0,Home
286,1,2024-08-17,1913,delivered,success,0,Electronics
287,69,2024-03-23,1940,delivered,success,0,Beauty
288,4,2024-02-04,2516,delivered,success,0,Fashion
289,16,2024-03-30,4612,delivered,failed,1,Home
290,24,2024-04-12,677,delivered,success,0,Fashion
291,80,2024-06-27,4514,returned,success,0,Electronics
292,2,2024-05-03,4585,delivered,success,0,Electronics
293,128,2024-04-03,669,returned,failed,0,Beauty
294,160,2024-03-25,2496,delivered,success,0,Home
295,84,2024-05-27,4047,delivered,success,0,Electronics
296,152,2024-09-24,951,delivered,success,0,Home
297,140,2024-05-20,1069,delivered,success,0,Home
298,178,2024-04-14,2721,placed,success,0,Home
299,163,2024-05-17,1080,delivered,success,0,Home
300,124,2024-09-13,2016,delivered,success,1,Home
301,33,2024-03-28,4283,delivered,success,1,Fashion
302,161,2024-09-05,1611,delivered,success,0,Beauty
303,189,2024-07-18,3659,delivered,success,0,Home
304,179,2024-02-03,822,returned,success,1,Fashion
305,171,2024-05-30,821,placed,success,0,Electronics
306,101,2024-02-06,2620,delivered,success,1,Home
307,12,2024-02-05,1235,delivered,success,1,Electronics
308,67,2024-02-05,2530,delivered,success,0,Home
309,65,2024-03-25,4340,delivered,success,0,Fashion
310,161,2024-03-18,4883,delivered,failed,1,Fashion
311,168,2024-09-02,3997,delivered,success,0,Fashion
312,74,2024-07-26,3137,delivered,success,0,Beauty
313,43,2024-02-09,4383,delivered,success,0,Electronics
314,44,2024-05-09,2761,delivered,success,0,Beauty
315,29,2024-02-20,3543,returned,success,1,Home
316,141,2024-06-01,3659,delivered,success,1,Electronics
317,12,2024-04-01,985,delivered,success,1,Fashion
318,95,2024-06-02,2460,delivered,success,0,Electronics
319,46,2024-09-21,4288,delivered,success,0,Fashion
320,130,2024-07-12,4366,returned,success,0,Beauty
321,35,2024-07-27,1867,delivered,success,0,Beauty
322,81,2024-04-22,338,delivered,success,0,Fashion
323,90,2024-04-02,2844,returned,success,1,Fashion
324,8,2024-06-24,1556,delivered,failed,1,Home
325,93,2024-09-03,3290,delivered,success,0,Beauty
326,154,2024-02-03,2496,delivered,success,0,Beauty
327,90,2024-07-09,3768,delivered,success,0,Home
328,162,2024-09-14,3008,delivered,success,0,Beauty
329,115,2024-09-17,601,returned,success,1,Fashion
330,105,2024-02-13,946,returned,success,0,Electronics
331,135,2024-05-30,2059,delivered,success,1,Electronics
332,196,2024-06-04,4651,delivered,success,0,Beauty
333,58,2024-09-26,897,delivered,success,0,Home
334,114,2024-04-29,961,returned,success,1,Fashion
335,75,2024-04-13,4630,delivered,success,0,Electronics
336,157,2024-04-08,1668,delivered,success,0,Fashion
337,120,2024-06-21,2881,delivered,failed,0,Beauty
338,164,2024-05-11,4168,delivered,success,0,Beauty
339,21,2024-05-08,3837,delivered,success,1,Electronics
340,164,2024-02-11,4608,delivered,success,0,Beauty
341,138,2024-05-15,4858,placed,failed,1,Home
342,101,2024-08-02,582,delivered,success,0,Beauty
343,152,2024-04-07,3978,placed,success,0,Beauty
344,192,2024-06-02,1786,delivered,success,1,Beauty
345,177,2024-09-07,4382,returned,success,0,Fashion
346,99,2024-02-29,4483,delivered,success,0,Fashion
347,36,2024-06-16,760,delivered,success,0,Electronics
348,96,2024-08-13,2625,delivered,success,0,Electronics
349,152,2024-07-02,4054,delivered,success,0,Electronics
350,151,2024-09-13,2768,delivered,success,0,Beauty
351,190,2024-04-16,2024,returned,success,0,Fashion
352,37,2024-07-19,1676,placed,success,0,Home
353,12,2024-02-09,3043,delivered,success,1,Beauty
354,113,2024-08-25,814,delivered,success,0,Beauty
355,183,2024-03-11,1002,returned,success,1,Beauty
356,13,2024-02-25,1953,delivered,success,0,Home
357,23,2024-02-05,2366,delivered,success,0,Electronics
358,99,2024-06-18,322,delivered,success,1,Home
359,105,2024-08-05,2760,delivered,success,0,Electronics
360,30,2024-09-13,1604,delivered,success,1,Home
361,17,2024-09-03,3600,returned,success,0,Fashion
362,113,2024-06-03,661,delivered,success,0,Beauty
363,62,2024-08-25,4027,delivered,success,0,Beauty
364,84,2024-03-09,1584,delivered,success,0,Beauty
365,112,2024-04-12,814,returned,success,1,Electronics
366,86,2024-06-12,748,delivered,success,0,Home
367,141,2024-07-25,2155,delivered,success,1,Fashion
368,187,2024-04-30,3862,delivered,success,1,Home
369,19,2024-06-25,2820,delivered,failed,0,Beauty
370,177,2024-08-16,3381,delivered,success,0,Fashion
371,100,2024-03-08,1728,delivered,success,1,Fashion
372,140,2024-03-31,4267,returned,success,1,Beauty
373,189,2024-07-25,1222,placed,success,0,Home
374,147,2024-08-23,3437,delivered,success,0,Beauty
375,76,2024-02-28,2459,placed,success,0,Home
376,9,2024-08-15,2847,delivered,success,1,Fashion
377,199,2024-08-23,3279,delivered,success,0,Fashion
378,28,2024-04-21,2581,delivered,success,1,Beauty
379,128,2024-05-24,2949,delivered,success,0,Fashion
380,52,2024-03-11,613,delivered,success,0,Electronics
381,83,2024-03-16,2913,delivered,success,0,Fashion
382,111,2024-09-11,3383,delivered,success,0,Electronics
383,144,2024-04-02,2556,delivered,success,0,Fashion
384,117,2024-05-03,1337,placed,success,0,Beauty
385,69,2024-05-25,3789,delivered,success,0,Beauty
386,99,2024-08-04,2934,delivered,success,0,Electronics
387,140,2024-04-07,4283,delivered,success,0,Beauty
388,25,2024-03-27,2078,delivered,success,1,Fashion
389,180,2024-03-11,4195,delivered,success,0,Fashion
390,123,2024-05-08,1424,placed,success,0,Beauty
391,53,2024-03-11,997,delivered,success,0,Fashion
392,151,2024-05-01,2479,returned,success,1,Home
393,144,2024-08-23,1704,delivered,success,0,Home
394,57,2024-09-24,1343,delivered,success,1,Fashion
395,39,2024-03-04,2229,delivered,success,1,Beauty
396,109,2024-02-06,1313,delivered,success,0,Electronics
397,181,2024-09-03,526,delivered,success,0,Beauty
398,42,2024-06-26,2128,delivered,success,1,Electronics
399,186,2024-04-20,2323,delivered,failed,0,Beauty
400,167,2024-07-17,2752,delivered,success,0,Fashion
401,142,2024-05-02,2385,delivered,success,1,Home
402,122,2024-05-07,4583,delivered,success,0,Beauty
403,133,2024-03-30,1380,returned,success,1,Electronics
404,163,2024-03-30,2620,placed,success,0,Home
405,75,2024-03-19,3490,delivered,success,1,Electronics
406,146,2024-07-18,2930,delivered,success,0,Fashion
407,76,2024-02-13,2863,returned,success,0,Home
408,9,2024-05-17,3592,delivered,success,0,Electronics
409,74,2024-03-16,4921,delivered,success,1,Beauty
410,186,2024-04-29,3886,delivered,success,0,Fashion
411,145,2024-07-30,4731,delivered,failed,0,Fashion
412,7,2024-07-19,3247,delivered,success,0,Fashion
413,174,2024-05-10,4259,delivered,success,0,Beauty
414,141,2024-08-09,3113,delivered,success,0,Beauty
415,168,2024-07-04,2883,delivered,failed,0,Home
416,170,2024-07-15,461,delivered,success,0,Beauty
417,137,2024-08-06,893,delivered,success,0,Home
418,178,2024-02-07,3559,delivered,success,0,Fashion
419,27,2024-06-12,4455,delivered,success,0,Home
420,122,2024-09-22,3262,delivered,success,1,Electronics
421,194,2024-03-16,4188,returned,success,0,Fashion
422,5,2024-03-29,3690,delivered,failed,0,Fashion
423,29,2024-03-02,4801,placed,success,0,Home
424,165,2024-02-23,963,placed,success,1,Fashion
425,166,2024-07-19,1432,returned,success,1,Beauty
426,83,2024-06-17,841,delivered,success,1,Electronics
427,136,2024-07-09,3274,placed,success,0,Home
428,109,2024-05-17,1167,delivered,success,0,Home
429,65,2024-07-30,2366,delivered,success,0,Fashion
430,86,2024-07-07,731,delivered,success,0,Beauty
431,145,2024-03-10,4578,delivered,success,0,Fashion
432,71,2024-07-08,1506,placed,success,1,Fashion
433,45,2024-04-22,2828,returned,success,1,Home
434,132,2024-05-10,1469,delivered,success,1,Fashion
435,36,2024-02-02,1130,delivered,failed,0,Electronics
436,70,2024-08-24,1951,delivered,success,1,Fashion
437,159,2024-04-17,1436,delivered,failed,0,Fashion
438,19,2024-09-08,3110,delivered,success,0,Home
439,189,2024-02-12,775,delivered,success,1,Fashion
440,108,2024-03-10,3110,delivered,success,0,Beauty
441,182,2024-08-12,1626,returned,success,0,Home
442,167,2024-09-11,1319,returned,success,0,Fashion
443,91,2024-02-13,2136,delivered,success,1,Electronics
444,90,2024-03-17,4556,delivered,success,1,Electronics
445,19,2024-07-04,2748,returned,success,0,Home
446,39,2024-05-23,4593,delivered,success,1,Home
447,126,2024-09-20,1583,returned,success,0,Fashion
448,195,2024-02-17,959,delivered,success,0,Beauty
449,173,2024-05-14,2310,delivered,success,1,Fashion
450,141,2024-09-10,698,delivered,success,1,Electronics
451,126,2024-05-08,2033,delivered,success,1,Beauty
452,58,2024-08-06,2425,delivered,success,0,Beauty
453,148,2024-08-10,2471,placed,success,1,Beauty
454,200,2024-04-28,374,delivered,success,0,Fashion
455,61,2024-05-19,4997,delivered,success,1,Electronics
456,127,2024-07-12,3771,delivered,success,0,Home
457,105,2024-09-27,1136,returned,success,1,Fashion
458,167,2024-04-10,799,delivered,success,0,Home
459,1,2024-08-29,437,delivered,failed,0,Beauty
460,131,2024-07-07,2397,delivered,success,0,Beauty
461,92,2024-08-17,3996,delivered,success,0,Fashion
462,190,2024-04-14,2185,returned,success,0,Electronics
463,191,2024-09-20,3057,delivered,success,1,Beauty
464,113,2024-09-11,4220,placed,success,0,Home
465,153,2024-09-13,2200,delivered,success,0,Home
466,56,2024-04-03,2910,placed,success,0,Fashion
467,161,2024-07-05,4286,delivered,failed,0,Home
468,166,2024-03-31,1749,returned,success,0,Electronics
469,117,2024-04-19,846,delivered,success,0,Beauty
470,134,2024-09-09,4976,delivered,success,0,Home
471,58,2024-03-08,2303,delivered,success,0,Home
472,44,2024-09-08,2396,delivered,success,0,Beauty
473,173,2024-02-22,1003,placed,success,0,Fashion
474,160,2024-08-14,2703,delivered,success,0,Home
475,173,2024-06-27,1925,delivered,success,0,Fashion
476,61,2024-05-06,3631,delivered,success,0,Fashion
477,47,2024-09-15,3278,delivered,failed,1,Home
478,149,2024-04-08,3139,delivered,success,1,Electronics
479,80,2024-09-06,3684,placed,success,1,Fashion
480,118,2024-08-10,2959,delivered,failed,0,Home
481,164,2024-02-17,2161,returned,success,1,Fashion
482,147,2024-02-12,3156,delivered,success,1,Beauty
483,20,2024-06-29,985,placed,success,1,Electronics
484,185,2024-06-24,4583,delivered,success,0,Electronics
485,146,2024-06-17,1919,delivered,success,0,Beauty
486,47,2024-05-28,4943,delivered,success,1,Beauty
487,49,2024-08-11,1731,delivered,failed,0,Fashion
488,14,2024-02-22,1175,placed,success,0,Beauty
489,143,2024-09-05,2761,delivered,success,0,Electronics
490,159,2024-05-30,1665,delivered,success,0,Beauty
491,1,2024-08-28,1543,delivered,failed,0,Home
492,117,2024-03-21,462,delivered,success,0,Home
493,54,2024-02-14,2274,placed,failed,0,Fashion
494,118,2024-08-10,3591,returned,success,0,Electronics
495,3,2024-07-24,569,delivered,success,0,Home
496,144,2024-02-29,931,delivered,success,0,Beauty
497,185,2024-08-22,1205,delivered,success,0,Home
498,12,2024-07-13,3771,returned,success,1,Home
499,74,2024-09-14,3553,delivered,success,1,Fashion
500,16,2024-07-29,2314,delivered,success,0,Beauty
501,200,2024-06-04,1941,delivered,success,0,Beauty
502,102,2024-08-22,504,delivered,success,0,Beauty
503,152,2024-02-07,881,delivered,failed,1,Fashion
504,156,2024-02-29,1140,delivered,success,0,Beauty
505,117,2024-06-18,2019,placed,success,0,Beauty
506,8,2024-03-04,2943,delivered,success,0,Home
507,122,2024-06-13,2597,returned,success,0,Home
508,92,2024-05-21,1174,delivered,success,1,Beauty
509,164,2024-04-19,989,delivered,success,1,Electronics
510,90,2024-07-09,4300,delivered,success,0,Electronics
511,136,2024-07-28,3441,delivered,success,0,Beauty
512,186,2024-08-21,1722,returned,success,0,Electronics
513,60,2024-03-29,971,delivered,success,0,Fashion
514,178,2024-09-02,1471,delivered,success,0,Home
515,28,2024-02-26,4026,delivered,success,0,Fashion
516,101,2024-09-13,1243,delivered,success,0,Home
517,41,2024-07-23,1749,delivered,success,0,Electronics
518,192,2024-09-13,4037,delivered,success,1,Electronics
519,155,2024-02-29,2839,delivered,failed,0,Beauty
520,191,2024-02-04,4259,delivered,success,1,Electronics
521,145,2024-08-27,4560,delivered,success,1,Electronics
522,161,2024-05-09,2661,returned,success,0,Beauty
523,157,2024-06-20,3952,placed,success,1,Beauty
524,141,2024-09-20,3970,delivered,success,0,Home
525,46,2024-03-10,2053,delivered,success,0,Electronics
526,35,2024-02-15,2652,delivered,success,0,Home
527,134,2024-05-29,2238,placed,success,1,Home
528,82,2024-02-29,670,delivered,success,0,Fashion
529,115,2024-07-06,4779,delivered,success,0,Electronics
530,197,2024-04-15,2231,placed,success,1,Electronics
531,47,2024-05-26,724,delivered,success,0,Fashion
532,153,2024-03-03,1194,returned,success,1,Home
533,194,2024-06-09,897,delivered,success,1,Electronics
534,10,2024-07-24,3362,delivered,success,1,Home
535,56,2024-08-24,2636,delivered,success,1,Fashion
536,30,2024-04-24,4988,delivered,success,1,Beauty
537,109,2024-02-22,1987,delivered,success,0,Home
538,5,2024-08-21,872,delivered,success,1,Electronics
539,119,2024-02-27,2390,delivered,success,0,Beauty
540,33,2024-08-13,3969,placed,success,0,Home
541,118,2024-04-21,4572,delivered,success,0,Home
542,65,2024-06-05,4924,delivered,success,1,Beauty
543,146,2024-09-23,1933,returned,success,1,Beauty
544,177,2024-08-02,1817,delivered,success,1,Beauty
545,11,2024-05-02,4593,delivered,success,0,Electronics
546,85,2024-09-08,2957,delivered,success,0,Electronics
547,26,2024-02-21,3948,delivered,success,0,Home
548,63,2024-03-18,3888,delivered,success,1,Home
549,86,2024-08-26,1837,delivered,success,1,Fashion
550,59,2024-05-11,3437,delivered,success,0,Electronics
551,27,2024-08-05,397,delivered,success,0,Home
552,177,2024-04-24,3515,delivered,failed,0,Beauty
553,161,2024-02-06,4830,delivered,success,0,Beauty
554,98,2024-06-26,4050,delivered,success,1,Electronics
555,105,2024-08-03,3457,delivered,success,0,Beauty
556,99,2024-08-15,4983,delivered,success,0,Fashion
557,129,2024-06-10,643,returned,success,0,Home
558,149,2024-02-01,4966,returned,success,0,Home
559,55,2024-03-29,910,delivered,success,1,Home
560,6,2024-06-03,2027,delivered,failed,0,Electronics
561,197,2024-07-15,2590,delivered,success,0,Beauty
562,95,2024-02-15,2154,returned,success,0,Fashion
563,133,2024-07-11,2908,returned,success,1,Electronics
564,102,2024-08-07,2379,delivered,success,1,Home
565,3,2024-07-12,2624,delivered,success,1,Fashion
566,181,2024-04-04,4927,delivered,success,0,Home
567,23,2024-02-25,1477,delivered,success,0,Home
568,53,2024-02-24,1391,delivered,success,0,Electronics
569,165,2024-02-12,3091,returned,success,1,Home
570,83,2024-02-18,2049,delivered,failed,0,Fashion
571,145,2024-02-15,2975,delivered,success,0,Home
572,85,2024-09-23,1081,returned,failed,1,Beauty
573,78,2024-08-26,3348,delivered,success,1,Home
574,110,2024-02-27,2405,delivered,success,0,Electronics
575,1,2024-04-12,4167,delivered,success,0,Fashion
576,51,2024-03-31,4842,delivered,success,0,Electronics
577,173,2024-07-23,2413,delivered,success,1,Beauty
578,4,2024-09-04,4270,delivered,success,1,Home
579,190,2024-06-24,2291,delivered,success,0,Electronics
580,193,2024-05-03,1367,delivered,success,0,Electronics
581,113,2024-03-24,1877,delivered,success,1,Electronics
582,32,2024-02-08,1311,delivered,success,1,Electronics
583,34,2024-04-19,2574,placed,success,0,Beauty
584,92,2024-02-27,2114,delivered,success,0,Beauty
585,95,2024-07-23,2726,delivered,success,0,Home
586,72,2024-03-21,4702,delivered,success,0,Home
587,39,2024-08-17,2851,delivered,failed,1,Fashion
588,154,2024-06-10,3957,placed,success,1,Beauty
589,162,2024-05-03,307,placed,success,1,Electronics
590,182,2024-08-10,2855,delivered,success,0,Electronics
591,118,2024-07-21,775,returned,success,1,Fashion
592,3,2024-07-30,2511,delivered,success,0,Electronics
593,123,2024-02-24,784,delivered,success,0,Fashion
594,50,2024-03-31,4954,delivered,success,0,Home
595,12,2024-06-01,2585,delivered,success,0,Beauty
596,193,2024-06-10,4863,delivered,success,1,Fashion
597,54,2024-06-27,3825,delivered,success,0,Electronics
598,133,2024-03-17,3639,delivered,success,0,Fashion
599,57,2024-02-15,3122,placed,failed,0,Home
600,145,2024-07-02,3224,delivered,success,0,Electronics
601,112,2024-09-09,558,delivered,success,0,Home
602,47,2024-08-24,582,delivered,success,0,Home
603,151,2024-08-17,2198,returned,success,1,Fashion
604,85,2024-02-17,4435,delivered,failed,0,Home
605,142,2024-06-05,3276,delivered,success,0,Electronics
606,66,2024-09-23,2567,delivered,success,0,Home
607,75,2024-04-24,3500,delivered,success,1,Home
608,179,2024-09-15,912,delivered,success,0,Fashion
609,103,2024-02-09,987,delivered,success,0,Home
610,166,2024-07-15,3990,delivered,success,0,Beauty
611,192,2024-07-25,912,delivered,failed,0,Fashion
612,38,2024-08-06,2607,delivered,success,0,Fashion
613,50,2024-04-03,3313,delivered,success,1,Electronics
614,98,2024-09-01,2081,returned,success,0,Electronics
615,82,2024-05-27,2891,delivered,success,0,Electronics
616,30,2024-06-09,2996,delivered,success,1,Electronics
617,79,2024-04-28,4258,delivered,success,1,Beauty
618,91,2024-04-12,874,delivered,success,0,Fashion
619,179,2024-06-18,2210,delivered,success,0,Home
620,191,2024-04-04,3904,delivered,success,0,Electronics
621,52,2024-08-23,969,delivered,success,0,Electronics
622,166,2024-08-27,4664,delivered,success,1,Electronics
623,79,2024-04-12,1583,delivered,success,1,Home
624,30,2024-02-21,1223,delivered,success,1,Electronics
625,106,2024-02-18,1425,returned,success,0,Home
626,51,2024-09-09,1829,delivered,success,0,Fashion
627,81,2024-04-04,1894,delivered,success,0,Fashion
628,133,2024-04-22,546,delivered,failed,1,Fashion
629,29,2024-05-20,4011,placed,success,0,Beauty
630,132,2024-09-26,1860,delivered,success,0,Home
631,138,2024-05-05,2700,placed,success,1,Electronics
632,184,2024-07-15,2543,delivered,success,1,Electronics
633,145,2024-03-03,4164,delivered,success,1,Electronics
634,74,2024-02-11,2239,delivered,failed,0,Electronics
635,17,2024-03-16,3369,delivered,success,1,Beauty
636,84,2024-09-04,526,delivered,failed,1,Electronics
637,69,2024-03-04,3847,placed,failed,0,Beauty
638,34,2024-05-12,564,delivered,success,0,Home
639,6,2024-07-18,1695,delivered,success,0,Fashion
640,53,2024-06-15,3857,delivered,success,1,Electronics
641,194,2024-02-11,945,delivered,success,0,Fashion
642,126,2024-09-01,3290,delivered,success,0,Home
643,43,2024-07-28,2199,delivered,success,0,Home
644,115,2024-04-28,2804,delivered,success,1,Electronics
645,111,2024-03-12,3072,delivered,success,0,Home
646,151,2024-06-24,1454,delivered,success,0,Fashion
647,183,2024-04-16,887,delivered,success,0,Electronics
648,80,2024-05-31,4871,returned,success,1,Beauty
649,95,2024-03-17,2121,returned,success,0,Electronics
650,118,2024-07-09,1285,delivered,success,0,Fashion
651,144,2024-08-25,4379,placed,success,1,Electronics
652,8,2024-04-20,3648,delivered,success,0,Electronics
653,132,2024-03-25,4131,delivered,success,1,Fashion
654,104,2024-04-26,1541,returned,success,0,Electronics
655,132,2024-05-02,489,delivered,success,0,Electronics
656,184,2024-06-27,1280,placed,success,0,Fashion
657,25,2024-07-10,1998,returned,success,0,Home
658,195,2024-08-20,2015,delivered,success,1,Fashion
659,96,2024-07-17,2893,delivered,success,0,Electronics
660,195,2024-07-09,4436,returned,success,1,Beauty
661,155,2024-05-07,4733,placed,success,0,Beauty
662,93,2024-02-02,1398,delivered,success,0,Fashion
663,160,2024-09-12,2626,placed,success,0,Beauty
664,178,2024-03-04,3547,delivered,success,1,Electronics
665,61,2024-09-20,1195,delivered,success,0,Electronics
666,122,2024-08-23,1974,delivered,success,0,Fashion
667,51,2024-07-07,3209,returned,success,0,Electronics
668,147,2024-07-10,1230,delivered,success,0,Home
669,21,2024-04-17,4684,delivered,success,0,Electronics
670,5,2024-05-26,1023,delivered,success,1,Fashion
671,92,2024-07-03,3240,delivered,success,0,Home
672,170,2024-06-29,1389,delivered,success,1,Home
673,61,2024-05-13,4878,placed,success,0,Beauty
674,22,2024-08-12,1235,delivered,success,1,Electronics
675,149,2024-07-15,2595,delivered,failed,1,Fashion
676,70,2024-05-13,455,delivered,success,0,Beauty
677,1,2024-04-30,1370,delivered,success,1,Beauty
678,133,2024-07-23,2258,delivered,success,0,Electronics
679,12,2024-06-01,2801,placed,success,1,Electronics
680,90,2024-06-22,4519,delivered,success,1,Fashion
681,46,2024-09-13,4130,delivered,success,0,Beauty
682,34,2024-05-16,1154,delivered,success,0,Fashion
683,177,2024-05-29,939,placed,success,0,Beauty
684,78,2024-07-21,2538,delivered,success,0,Beauty
685,45,2024-03-20,1902,delivered,success,0,Beauty
686,155,2024-05-14,741,delivered,success,0,Electronics
687,73,2024-08-21,4928,placed,success,0,Beauty
688,26,2024-04-01,1636,delivered,success,1,Beauty
689,47,2024-08-13,4000,delivered,success,0,Beauty
690,121,2024-06-02,1248,delivered,success,0,Home
691,56,2024-06-13,3673,delivered,success,0,Electronics
692,94,2024-02-09,759,delivered,success,0,Home
693,107,2024-02-06,4946,delivered,failed,0,Electronics
694,63,2024-04-13,692,delivered,success,0,Fashion
695,48,2024-05-13,4238,delivered,success,1,Home
696,61,2024-09-10,2087,delivered,success,1,Fashion
697,81,2024-07-09,2557,delivered,success,0,Beauty
698,26,2024-03-12,1438,delivered,success,1,Fashion
699,36,2024-05-24,4108,delivered,success,0,Fashion
700,1,2024-08-22,2754,returned,success,1,Fashion
701,8,2024-02-08,1766,delivered,success,1,Fashion
702,113,2024-04-12,3974,returned,success,0,Electronics
703,99,2024-07-27,1677,delivered,success,0,Home
704,180,2024-05-02,2897,delivered,success,0,Electronics
705,47,2024-04-02,441,delivered,success,0,Electronics
706,127,2024-04-24,2959,returned,success,1,Electronics
707,56,2024-04-02,4896,delivered,success,0,Fashion
708,14,2024-05-21,1139,delivered,success,1,Electronics
709,28,2024-06-06,3918,delivered,success,1,Home
710,78,2024-02-07,4217,delivered,success,0,Electronics
711,130,2024-08-21,895,delivered,success,1,Beauty
712,109,2024-04-24,2204,delivered,success,1,Fashion
713,154,2024-08-26,580,delivered,success,1,Beauty
714,14,2024-06-11,723,delivered,success,1,Home
715,187,2024-06-13,4665,delivered,success,1,Home
716,56,2024-03-29,4549,delivered,failed,0,Home
717,115,2024-02-22,2050,delivered,success,1,Home
718,7,2024-07-03,2267,returned,success,0,Electronics
719,3,2024-06-06,4388,delivered,success,1,Fashion
720,111,2024-02-03,4478,delivered,success,1,Home
721,151,2024-06-06,3246,placed,success,0,Beauty
722,107,2024-03-12,1749,delivered,success,0,Home
723,18,2024-08-06,2631,delivered,success,0,Fashion
724,38,2024-05-16,2520,delivered,failed,0,Beauty
725,115,2024-02-14,4089,delivered,failed,0,Beauty
726,15,2024-08-21,3110,delivered,success,1,Beauty
727,192,2024-08-28,1831,delivered,success,1,Electronics
728,119,2024-02-12,3290,delivered,success,1,Home
729,28,2024-04-27,4793,delivered,success,0,Electronics
730,39,2024-02-12,1443,returned,success,1,Beauty
731,185,2024-06-20,1233,delivered,success,1,Electronics
732,17,2024-02-25,1760,delivered,success,0,Electronics
733,86,2024-03-16,3023,delivered,success,0,Electronics
734,126,2024-06-01,2812,delivered,success,0,Home
735,44,2024-06-26,585,delivered,success,1,Beauty
736,25,2024-03-26,564,delivered,success,0,Beauty
737,145,2024-09-25,2667,delivered,success,1,Home
738,13,2024-05-10,3747,delivered,success,0,Electronics
739,25,2024-07-22,2062,delivered,success,1,Electronics
740,68,2024-06-15,3348,delivered,success,0,Fashion
741,138,2024-09-08,2681,delivered,success,0,Fashion
742,67,2024-05-29,2569,delivered,success,0,Fashion
743,109,2024-03-24,340,delivered,success,0,Home
744,146,2024-08-01,367,placed,failed,1,Beauty
745,111,2024-03-03,1287,delivered,success,0,Fashion
746,111,2024-03-22,4308,delivered,failed,1,Beauty
747,34,2024-03-15,3498,delivered,success,0,Beauty
748,111,2024-04-22,2824,placed,success,0,Beauty
749,8,2024-08-16,1385,delivered,success,0,Home
750,168,2024-06-25,2779,placed,success,0,Home
751,113,2024-08-29,1993,returned,failed,1,Home
752,83,2024-06-29,2615,delivered,success,0,Home
753,42,2024-03-08,1078,delivered,success,1,Fashion
754,169,2024-05-06,4889,placed,success,1,Electronics
755,101,2024-03-27,1885,delivered,success,0,Electronics
756,6,2024-05-15,1792,delivered,success,0,Electronics
757,180,2024-03-30,960,returned,success,1,Fashion
758,26,2024-06-10,1648,returned,success,1,Electronics
759,64,2024-07-05,1599,delivered,success,1,Fashion
760,187,2024-08-20,4240,returned,success,0,Fashion
761,184,2024-03-06,2286,returned,success,1,Fashion
762,59,2024-08-07,2344,delivered,success,0,Electronics
763,109,2024-05-03,3816,delivered,success,1,Beauty
764,198,2024-07-31,1358,delivered,success,1,Electronics
765,121,2024-08-09,1276,delivered,success,0,Electronics
766,33,2024-08-25,4877,placed,success,0,Home
767,181,2024-05-07,1027,placed,success,0,Fashion
768,150,2024-06-14,2827,returned,failed,0,Beauty
769,21,2024-04-16,3436,delivered,success,1,Home
770,198,2024-03-20,642,delivered,success,0,Beauty
771,70,2024-05-04,1747,delivered,success,0,Beauty
772,112,2024-08-31,2679,returned,success,0,Fashion
773,4,2024-07-08,3959,returned,success,1,Electronics
774,94,2024-08-04,826,delivered,failed,0,Fashion
775,75,2024-08-07,2196,placed,success,0,Fashion
776,190,2024-02-24,2373,delivered,success,0,Home
777,62,2024-06-27,705,delivered,success,1,Fashion
778,94,2024-03-08,1873,placed,success,1,Electronics
779,95,2024-02-04,4900,delivered,success,0,Beauty
780,152,2024-09-07,4040,delivered,success,0,Fashion
781,55,2024-05-18,4574,delivered,success,0,Beauty
782,137,2024-06-05,4527,delivered,success,0,Fashion
783,131,2024-02-20,2146,delivered,success,0,Beauty
784,31,2024-08-06,1778,delivered,success,1,Fashion
785,40,2024-07-01,2695,placed,success,0,Home
786,36,2024-03-21,1071,delivered,success,1,Beauty
787,152,2024-07-26,878,delivered,success,0,Fashion
788,6,2024-07-28,3201,delivered,success,1,Fashion
789,66,2024-05-06,493,placed,success,1,Home
790,75,2024-05-15,2307,delivered,failed,0,Home
791,4,2024-07-13,1485,delivered,success,0,Home
792,79,2024-05-27,2694,delivered,success,0,Beauty
793,134,2024-05-08,3298,delivered,success,0,Beauty
794,118,2024-09-15,2092,returned,success,0,Home
795,113,2024-04-06,1410,delivered,success,0,Electronics
796,94,2024-04-19,4305,delivered,success,1,Electronics
797,179,2024-07-11,2561,returned,success,0,Fashion
798,62,2024-07-13,4036,delivered,success,1,Electronics
799,185,2024-02-06,4093,delivered,success,0,Fashion
800,194,2024-03-10,2236,delivered,success,1,Beauty
801,79,2024-07-19,4657,delivered,failed,0,Beauty
802,136,2024-05-25,1029,delivered,success,1,Electronics
803,26,2024-08-04,4678,delivered,success,0,Beauty
804,179,2024-06-04,3751,returned,success,0,Home
805,173,2024-02-12,4757,returned,success,0,Home
806,44,2024-06-10,4836,delivered,failed,0,Electronics
807,133,2024-09-24,2440,delivered,success,0,Electronics
808,70,2024-02-18,1944,delivered,success,0,Fashion
809,154,2024-03-11,3100,returned,success,0,Beauty
810,118,2024-02-21,441,returned,success,1,Fashion
811,68,2024-06-22,1755,delivered,success,0,Fashion
812,19,2024-09-12,2396,delivered,success,0,Home
813,20,2024-05-09,1625,delivered,success,1,Home
814,113,2024-02-26,1513,delivered,success,0,Home
815,140,2024-02-08,1459,placed,success,0,Home
816,47,2024-05-10,4950,delivered,success,0,Fashion
817,1,2024-09-27,4799,delivered,success,1,Home
818,90,2024-09-09,4997,delivered,success,1,Beauty
819,142,2024-04-27,640,delivered,success,1,Home
820,64,2024-03-13,4128,returned,success,0,Home
821,38,2024-07-21,2268,delivered,success,1,Home
822,37,2024-02-14,1003,delivered,success,0,Electronics
823,126,2024-04-18,4713,delivered,success,0,Beauty
824,139,2024-02-02,2729,delivered,success,0,Beauty
825,100,2024-05-29,2100,delivered,success,0,Fashion
826,77,2024-03-08,4948,delivered,success,0,Fashion
827,3,2024-04-09,1155,delivered,success,0,Home
828,161,2024-07-15,2112,delivered,success,0,Electronics
829,134,2024-09-24,3166,delivered,success,0,Fashion
830,178,2024-03-12,3942,delivered,success,1,Fashion
831,10,2024-04-02,482,delivered,success,0,Home
832,5,2024-03-31,3412,delivered,success,1,Home
833,151,2024-06-04,4792,delivered,success,0,Fashion
834,138,2024-05-21,1817,delivered,success,1,Fashion
835,172,2024-02-14,1656,delivered,success,0,Beauty
836,130,2024-09-18,2474,placed,success,0,Electronics
837,13,2024-09-04,3929,delivered,success,0,Beauty
838,168,2024-04-24,3928,delivered,success,0,Fashion
839,130,2024-06-09,4396,delivered,success,1,Beauty
840,84,2024-09-18,3539,delivered,success,0,Beauty
841,65,2024-04-10,3991,delivered,success,0,Fashion
842,63,2024-06-24,318,returned,success,1,Home
843,101,2024-06-02,3703,delivered,failed,1,Fashion
844,73,2024-04-29,4979,delivered,success,0,Home
845,17,2024-02-28,4851,delivered,success,0,Fashion
846,9,2024-04-06,3304,delivered,success,0,Fashion
847,143,2024-07-12,1432,delivered,success,0,Fashion
848,152,2024-09-16,3639,delivered,failed,0,Electronics
849,38,2024-02-05,3611,returned,success,1,Home
850,163,2024-08-11,3672,delivered,success,0,Electronics
851,94,2024-07-17,1287,delivered,success,0,Fashion
852,95,2024-08-22,3621,delivered,success,0,Beauty
853,49,2024-08-02,4915,placed,success,1,Electronics
854,69,2024-07-13,473,placed,success,1,Home
855,62,2024-03-16,4041,delivered,failed,0,Fashion
856,188,2024-06-30,3352,placed,success,1,Electronics
857,178,2024-03-18,1026,delivered,success,0,Beauty
858,78,2024-03-02,4060,returned,success,0,Electronics
859,117,2024-06-18,2175,returned,success,0,Home
860,120,2024-02-10,4333,delivered,success,0,Electronics
861,137,2024-08-13,1289,delivered,success,0,Beauty
862,162,2024-05-28,4044,returned,success,1,Beauty
863,76,2024-02-14,2986,returned,success,0,Home
864,35,2024-04-20,719,delivered,success,1,Beauty
865,1,2024-08-20,893,delivered,failed,0,Fashion
866,40,2024-05-03,2074,delivered,success,0,Beauty
867,64,2024-02-10,2759,delivered,success,0,Fashion
868,150,2024-04-16,1235,returned,success,0,Electronics
869,60,2024-05-04,4108,placed,success,0,Fashion
870,64,2024-05-15,631,returned,success,0,Fashion
871,93,2024-02-01,3749,delivered,success,0,Electronics
872,72,2024-06-12,3002,returned,success,0,Beauty
873,11,2024-02-20,4306,delivered,success,1,Fashion
874,105,2024-02-08,4168,delivered,success,0,Beauty
875,14,2024-07-20,4500,placed,success,0,Electronics
876,60,2024-08-22,501,delivered,success,0,Home
877,30,2024-02-01,2797,placed,success,1,Beauty
878,35,2024-03-28,2142,returned,success,1,Beauty
879,165,2024-04-04,2166,delivered,success,0,Home
880,5,2024-05-28,2296,returned,success,0,Home
881,83,2024-08-30,1209,returned,success,0,Electronics
882,123,2024-02-28,4605,placed,success,1,Beauty
883,78,2024-05-31,4958,delivered,failed,1,Beauty
884,154,2024-05-17,3489,placed,success,0,Electronics
885,62,2024-07-14,1070,delivered,failed,0,Beauty
886,132,2024-07-24,3455,delivered,success,0,Fashion
887,89,2024-09-16,2801,delivered,success,1,Fashion
888,42,2024-08-22,3014,delivered,success,0,Fashion
889,89,2024-07-14,3885,delivered,success,0,Beauty
890,146,2024-03-20,1928,delivered,success,0,Fashion
891,40,2024-05-30,686,delivered,success,1,Fashion
892,72,2024-03-15,3721,returned,failed,1,Electronics
893,39,2024-03-27,4308,delivered,success,1,Electronics
894,104,2024-07-05,4393,returned,success,0,Home
895,14,2024-05-21,4663,delivered,success,1,Home
896,32,2024-08-25,2766,delivered,success,0,Home
897,179,2024-06-13,2582,delivered,success,0,Home
898,125,2024-05-18,2156,delivered,success,0,Electronics
899,166,2024-08-07,2298,delivered,failed,1,Electronics
900,97,2024-06-27,1536,delivered,success,0,Electronics
901,23,2024-05-24,4969,delivered,success,1,Fashion
902,63,2024-04-18,4444,delivered,success,1,Fashion
903,143,2024-06-09,1450,delivered,success,0,Home
904,153,2024-08-19,4618,delivered,success,0,Fashion
905,145,2024-03-08,1731,placed,success,0,Beauty
906,194,2024-02-20,2119,delivered,success,0,Electronics
907,53,2024-02-26,2624,delivered,success,0,Home
908,104,2024-02-29,1430,delivered,success,0,Home
909,104,2024-02-01,2958,delivered,failed,1,Beauty
910,179,2024-05-29,3800,returned,success,1,Fashion
911,39,2024-03-06,674,delivered,success,0,Home
912,179,2024-08-16,2420,placed,success,0,Fashion
913,198,2024-09-16,4320,delivered,success,0,Fashion
914,134,2024-03-30,2321,delivered,success,1,Beauty
915,67,2024-04-09,4005,delivered,success,1,Home
916,135,2024-07-10,3559,delivered,success,0,Fashion
917,179,2024-07-28,3735,delivered,success,0,Fashion
918,200,2024-08-24,2189,delivered,success,1,Beauty
919,42,2024-02-12,2123,delivered,success,0,Beauty
920,192,2024-09-21,1774,delivered,success,0,Fashion
921,15,2024-02-20,2542,delivered,success,0,Beauty
922,111,2024-07-30,3543,delivered,success,0,Fashion
923,157,2024-09-03,3434,delivered,success,0,Home
924,33,2024-03-14,2370,placed,success,1,Electronics
925,155,2024-06-05,659,delivered,failed,1,Beauty
926,164,2024-09-13,2341,delivered,success,0,Electronics
927,157,2024-09-04,1441,delivered,failed,1,Fashion
928,38,2024-03-21,1935,placed,success,0,Fashion
929,185,2024-02-29,4300,delivered,success,1,Fashion
930,97,2024-08-03,2243,delivered,success,0,Electronics
931,155,2024-03-10,3661,delivered,failed,1,Fashion
932,183,2024-09-10,3280,delivered,success,1,Beauty
933,33,2024-08-02,306,delivered,success,0,Home
934,196,2024-09-26,3567,delivered,success,1,Home
935,86,2024-07-20,1891,returned,success,1,Beauty
936,66,2024-07-27,3564,delivered,success,1,Home
937,10,2024-06-30,2906,delivered,success,0,Electronics
938,5,2024-07-21,3519,delivered,success,1,Fashion
939,123,2024-03-09,3573,returned,success,1,Fashion
940,74,2024-04-24,1213,returned,success,0,Fashion
941,97,2024-06-30,2311,delivered,success,1,Electronics
942,118,2024-06-07,1742,delivered,success,0,Electronics
943,38,2024-06-05,3354,delivered,success,0,Electronics
944,141,2024-03-16,3846,delivered,success,0,Beauty
945,159,2024-03-23,4521,delivered,success,0,Electronics
946,47,2024-04-20,3228,delivered,success,0,Home
947,109,2024-07-27,2129,delivered,success,0,Beauty
948,180,2024-09-21,875,delivered,success,1,Beauty
949,184,2024-06-03,1229,returned,success,0,Beauty
950,15,2024-05-29,4059,delivered,success,0,Electronics
951,157,2024-02-08,3999,delivered,success,0,Beauty
952,136,2024-04-25,1763,delivered,success,0,Electronics
953,5,2024-06-08,3575,delivered,failed,1,Electronics
954,157,2024-02-08,1354,delivered,success,1,Beauty
955,47,2024-07-06,2200,delivered,success,1,Fashion
956,68,2024-05-06,1757,returned,success,0,Fashion
957,76,2024-05-12,1699,delivered,failed,0,Beauty
958,173,2024-02-05,3715,delivered,success,0,Fashion
959,130,2024-09-26,742,delivered,success,0,Home
960,155,2024-04-26,3950,delivered,success,0,Home
961,95,2024-07-24,4952,delivered,success,1,Electronics
962,115,2024-03-05,1478,delivered,success,0,Fashion
963,164,2024-08-11,4758,delivered,success,1,Home
964,36,2024-03-26,1557,delivered,success,0,Beauty
965,26,2024-05-29,3934,delivered,success,0,Fashion
966,43,2024-09-05,2141,delivered,success,0,Home
967,27,2024-07-20,2609,delivered,success,0,Home
968,69,2024-08-20,1210,delivered,failed,1,Beauty
969,148,2024-07-07,4640,delivered,success,0,Electronics
970,11,2024-05-24,4937,delivered,success,0,Beauty
971,74,2024-08-28,4309,delivered,success,1,Electronics
972,104,2024-06-24,2469,delivered,success,0,Home
973,38,2024-02-26,2472,delivered,failed,0,Electronics
974,134,2024-06-15,423,returned,success,0,Home
975,200,2024-03-18,3458,returned,success,0,Home
976,23,2024-09-19,1085,delivered,success,1,Fashion
977,47,2024-05-23,2716,delivered,success,1,Electronics
978,90,2024-04-16,1096,delivered,success,1,Electronics
979,46,2024-09-06,4472,delivered,success,0,Electronics
980,107,2024-04-12,4454,delivered,success,0,Beauty
981,140,2024-04-29,2236,placed,failed,1,Fashion
982,141,2024-03-17,2456,delivered,failed,0,Fashion
983,104,2024-08-14,4107,delivered,success,0,Fashion
984,190,2024-03-04,1601,delivered,success,0,Beauty
985,111,2024-02-01,4463,delivered,success,0,Electronics
986,104,2024-06-26,3440,delivered,success,0,Electronics
987,60,2024-03-02,3536,delivered,success,1,Electronics
988,171,2024-08-26,2652,delivered,success,1,Fashion
989,100,2024-06-21,2232,returned,success,0,Fashion
990,68,2024-03-24,3021,delivered,success,0,Home
991,133,2024-03-19,664,delivered,success,0,Beauty
992,120,2024-04-09,2690,placed,success,1,Beauty
993,37,2024-05-15,1246,returned,success,0,Fashion
994,72,2024-04-30,1677,delivered,success,1,Home
995,127,2024-08-08,1739,delivered,success,0,Electronics
996,106,2024-09-07,3480,delivered,success,0,Fashion
997,92,2024-08-12,640,delivered,success,0,Beauty
998,31,2024-08-10,3289,delivered,success,1,Beauty
999,122,2024-08-16,682,delivered,success,0,Beauty
1000,137,2024-04-03,1856,placed,success,0,Electronics
1001,51,2024-04-13,599,delivered,success,0,Beauty
1002,29,2024-07-10,438,returned,success,1,Electronics
1003,40,2024-07-18,658,placed,success,1,Electronics
1004,41,2024-04-29,1822,delivered,success,0,Electronics
1005,11,2024-07-25,3756,delivered,success,1,Fashion
1006,151,2024-02-13,1927,delivered,failed,0,Electronics
1007,1,2024-04-13,1603,returned,failed,0,Home
1008,46,2024-04-17,1434,delivered,success,0,Beauty
1009,101,2024-07-08,2486,delivered,success,0,Fashion
1010,149,2024-09-20,3470,delivered,success,1,Beauty
1011,90,2024-08-21,4135,delivered,success,1,Electronics
1012,110,2024-04-08,2451,delivered,failed,0,Fashion
1013,164,2024-05-08,1537,delivered,success,0,Home
1014,182,2024-06-04,4035,delivered,success,1,Electronics
1015,57,2024-05-12,3134,returned,success,1,Beauty
1016,1,2024-09-25,4560,delivered,failed,0,Home
1017,63,2024-06-11,1298,delivered,success,1,Electronics
1018,182,2024-05-12,2867,delivered,success,0,Home
1019,55,2024-02-19,1607,delivered,success,0,Electronics
1020,115,2024-08-16,956,placed,success,1,Fashion
1021,168,2024-09-13,2960,delivered,success,0,Electronics
1022,143,2024-04-22,2511,delivered,success,0,Fashion
1023,149,2024-06-20,2209,delivered,failed,0,Electronics
1024,175,2024-09-20,4030,delivered,failed,1,Electronics
1025,53,2024-02-23,2346,returned,success,1,Beauty
1026,137,2024-04-23,3462,delivered,success,0,Home
1027,180,2024-05-19,1440,delivered,success,0,Home
1028,57,2024-04-15,566,placed,success,0,Home
1029,117,2024-06-08,2145,placed,success,0,Electronics
1030,154,2024-04-28,2008,delivered,success,0,Electronics
1031,169,2024-03-25,3930,delivered,success,1,Electronics
1032,35,2024-08-17,3511,delivered,success,0,Fashion
1033,63,2024-04-29,2593,delivered,success,0,Fashion
1034,25,2024-08-31,4032,placed,success,0,Beauty
1035,90,2024-06-22,4129,delivered,success,0,Electronics
1036,75,2024-04-05,1810,delivered,success,1,Home
1037,38,2024-04-16,775,placed,success,0,Home
1038,130,2024-08-17,1276,delivered,success,0,Beauty
1039,135,2024-06-22,1507,delivered,success,0,Home
1040,162,2024-06-28,2260,delivered,success,0,Beauty
1041,91,2024-06-26,857,delivered,success,0,Electronics
1042,17,2024-03-31,1182,delivered,success,0,Home
1043,128,2024-05-03,2494,delivered,success,0,Electronics
1044,171,2024-09-04,2967,delivered,success,0,Fashion
1045,187,2024-07-10,4977,delivered,success,0,Home
1046,108,2024-03-20,1910,delivered,success,0,Fashion
1047,179,2024-09-11,3788,delivered,success,1,Home
1048,182,2024-03-06,2754,delivered,success,0,Electronics
1049,152,2024-07-21,4794,delivered,success,0,Beauty
1050,25,2024-05-12,2246,delivered,success,0,Electronics
1051,199,2024-09-05,3108,delivered,success,0,Electronics
1052,180,2024-02-11,4125,returned,success,1,Electronics
1053,198,2024-05-09,3836,delivered,success,0,Home
1054,88,2024-08-18,4102,placed,success,1,Beauty
1055,161,2024-05-20,4477,placed,success,0,Fashion
1056,177,2024-08-24,4999,delivered,success,0,Electronics
1057,29,2024-04-14,2270,delivered,success,1,Home
1058,63,2024-08-12,4122,delivered,success,0,Fashion
1059,150,2024-07-23,3119,delivered,success,0,Electronics
1060,154,2024-02-09,1202,delivered,success,0,Fashion
1061,156,2024-02-03,664,placed,success,1,Electronics
1062,114,2024-04-25,4558,returned,success,0,Fashion
1063,49,2024-02-26,3419,delivered,success,1,Fashion
1064,199,2024-04-12,2858,returned,success,0,Beauty
1065,81,2024-03-19,2163,delivered,failed,1,Beauty
1066,84,2024-08-12,415,delivered,success,0,Electronics
1067,105,2024-08-16,2684,delivered,success,1,Home
1068,177,2024-07-05,4235,delivered,success,0,Beauty
1069,148,2024-05-27,2790,delivered,success,1,Fashion
1070,118,2024-09-08,1242,returned,failed,0,Beauty
1071,86,2024-07-03,2024,returned,success,0,Beauty
1072,63,2024-07-02,2634,delivered,failed,0,Electronics
1073,189,2024-02-12,3067,delivered,success,0,Beauty
1074,104,2024-06-12,1437,delivered,success,0,Beauty
1075,49,2024-09-13,2827,returned,success,1,Fashion
1076,71,2024-03-19,4417,placed,success,1,Beauty
1077,1,2024-03-08,3720,delivered,success,0,Fashion
1078,141,2024-08-25,4206,delivered,success,1,Beauty
1079,179,2024-03-15,3937,delivered,success,0,Beauty
1080,123,2024-09-15,3253,returned,success,0,Home
1081,184,2024-02-15,2667,delivered,failed,1,Beauty
1082,62,2024-03-14,4521,delivered,success,1,Fashion
1083,32,2024-07-25,576,placed,success,1,Fashion
1084,158,2024-04-27,2299,delivered,success,0,Electronics
1085,29,2024-04-10,1527,delivered,success,1,Electronics
1086,49,2024-03-17,4052,delivered,failed,0,Home
1087,173,2024-05-18,4035,delivered,success,0,Fashion
1088,30,2024-06-02,995,returned,success,0,Fashion
1089,144,2024-07-20,1609,delivered,success,1,Fashion
1090,168,2024-09-24,4452,delivered,success,1,Home
1091,19,2024-02-21,3534,returned,success,1,Fashion
1092,18,2024-06-30,4414,placed,success,0,Electronics
1093,1,2024-05-17,2611,placed,success,0,Home
1094,78,2024-04-20,3141,delivered,success,0,Electronics
1095,115,2024-03-18,4508,delivered,failed,0,Electronics
1096,175,2024-05-27,3859,delivered,success,0,Home
1097,194,2024-06-03,3698,returned,success,1,Beauty
1098,113,2024-06-22,841,delivered,failed,0,Beauty
1099,114,2024-02-25,2994,delivered,success,0,Electronics
1100,166,2024-03-07,4974,delivered,success,0,Beauty
1101,179,2024-08-21,1388,delivered,success,0,Fashion
1102,63,2024-03-22,3663,delivered,failed,0,Home
1103,132,2024-02-15,324,delivered,success,1,Electronics
1104,129,2024-04-08,1872,delivered,success,0,Fashion
1105,8,2024-02-21,3258,delivered,success,1,Beauty
1106,157,2024-06-20,4536,returned,success,0,Fashion
1107,55,2024-09-01,2067,delivered,success,0,Beauty
1108,103,2024-02-19,2535,delivered,success,0,Electronics
1109,131,2024-03-05,500,placed,success,1,Fashion
1110,32,2024-04-18,3498,placed,success,1,Home
1111,10,2024-06-04,556,delivered,failed,0,Electronics
1112,110,2024-08-14,4047,delivered,success,0,Fashion
1113,162,2024-09-27,4942,delivered,success,0,Fashion
1114,124,2024-05-27,2541,delivered,success,0,Beauty
1115,87,2024-03-23,3475,returned,success,1,Electronics
1116,55,2024-09-25,3906,returned,success,0,Electronics
1117,32,2024-02-27,3636,returned,success,0,Electronics
1118,178,2024-07-06,713,delivered,success,0,Electronics
1119,135,2024-09-26,2314,delivered,success,0,Beauty
1120,93,2024-07-05,1681,delivered,success,0,Home
1121,8,2024-03-06,1398,delivered,success,0,Electronics
1122,65,2024-06-15,3726,delivered,success,1,Beauty
1123,57,2024-06-23,3955,delivered,success,1,Home
1124,67,2024-05-16,1209,delivered,success,0,Home
1125,187,2024-07-13,487,delivered,success,1,Beauty
1126,72,2024-07-07,4344,delivered,success,0,Electronics
1127,54,2024-06-25,4056,delivered,success,0,Home
1128,67,2024-02-02,2315,delivered,success,0,Electronics
1129,51,2024-07-26,2392,delivered,success,0,Electronics
1130,97,2024-04-17,3944,delivered,success,0,Fashion
1131,92,2024-06-11,2430,delivered,success,0,Electronics
1132,8,2024-04-30,657,delivered,failed,0,Fashion
1133,162,2024-04-29,2722,delivered,success,1,Home
1134,35,2024-05-04,4557,delivered,failed,0,Beauty
1135,96,2024-08-21,4845,delivered,success,0,Fashion
1136,88,2024-02-07,1797,delivered,success,0,Beauty
1137,78,2024-05-05,2458,returned,success,0,Home
1138,32,2024-05-18,2855,delivered,success,0,Electronics
1139,120,2024-04-14,2642,delivered,success,1,Home
1140,46,2024-03-10,3251,delivered,success,0,Beauty
1141,144,2024-06-20,1538,returned,success,0,Home
1142,196,2024-07-08,1273,delivered,success,0,Electronics
1143,165,2024-04-11,4265,delivered,success,0,Home
1144,182,2024-08-09,1350,delivered,success,0,Electronics
1145,142,2024-03-27,4001,returned,success,0,Fashion
1146,55,2024-07-19,3080,delivered,failed,0,Beauty
1147,176,2024-08-07,1888,delivered,success,0,Electronics
1148,7,2024-03-13,4178,placed,success,0,Electronics
1149,74,2024-08-02,2668,delivered,success,1,Home
1150,7,2024-03-07,736,delivered,success,0,Fashion
1151,161,2024-04-24,3128,delivered,success,1,Electronics
1152,151,2024-08-14,1856,delivered,success,1,Fashion
1153,85,2024-05-28,4158,delivered,success,0,Fashion
1154,147,2024-02-07,1604,delivered,success,0,Home
1155,112,2024-03-25,2684,returned,success,0,Electronics
1156,125,2024-06-08,482,delivered,failed,1,Home
1157,147,2024-07-21,1889,placed,success,0,Beauty
1158,36,2024-05-30,1887,delivered,success,1,Beauty
1159,29,2024-07-22,959,delivered,success,1,Electronics
1160,188,2024-05-16,459,placed,success,1,Fashion
1161,82,2024-03-18,4253,delivered,success,0,Electronics
1162,2,2024-06-02,1311,delivered,success,0,Electronics
1163,129,2024-06-20,352,delivered,success,1,Beauty
1164,47,2024-05-29,2607,delivered,success,0,Beauty
1165,197,2024-06-29,1528,delivered,success,0,Fashion
1166,148,2024-05-28,1335,delivered,success,1,Fashion
1167,11,2024-02-21,4002,returned,success,0,Electronics
1168,130,2024-09-01,4345,delivered,success,1,Home
1169,195,2024-09-07,4749,returned,success,1,Electronics
1170,119,2024-06-16,1564,delivered,success,0,Fashion
1171,140,2024-02-26,2184,returned,success,1,Home
1172,20,2024-02-09,2109,delivered,success,0,Beauty
1173,5,2024-02-15,3467,delivered,success,0,Fashion
1174,37,2024-02-10,4097,placed,success,0,Fashion
1175,166,2024-09-03,2641,placed,success,0,Home
1176,137,2024-06-01,3714,delivered,success,0,Fashion
1177,53,2024-05-31,1117,delivered,success,0,Fashion
1178,172,2024-06-04,2737,delivered,success,0,Fashion
1179,99,2024-07-19,1188,delivered,success,0,Fashion
1180,86,2024-04-12,967,delivered,success,1,Fashion
1181,108,2024-07-01,2924,delivered,success,1,Fashion
1182,24,2024-08-26,4532,delivered,success,0,Fashion
1183,81,2024-03-20,4823,delivered,success,0,Fashion
1184,158,2024-07-03,1118,delivered,success,0,Beauty
1185,120,2024-05-01,2488,delivered,success,0,Fashion
1186,59,2024-03-08,1406,delivered,success,1,Beauty
1187,128,2024-04-08,2524,delivered,success,1,Beauty
1188,114,2024-03-21,497,delivered,failed,0,Electronics
1189,115,2024-07-01,2971,delivered,success,0,Electronics
1190,14,2024-02-19,3792,delivered,failed,0,Beauty
1191,9,2024-05-10,2748,placed,success,0,Beauty
1192,40,2024-03-31,770,delivered,success,0,Fashion
1193,194,2024-07-16,2248,delivered,success,1,Electronics
1194,25,2024-08-20,4199,delivered,success,1,Home
1195,103,2024-04-29,2310,delivered,success,0,Electronics
1196,22,2024-06-25,4100,delivered,success,0,Beauty
1197,4,2024-06-26,4418,delivered,success,1,Beauty
1198,154,2024-07-13,4096,delivered,success,0,Fashion
1199,186,2024-08-20,4288,delivered,success,0,Fashion
1200,29,2024-09-12,534,delivered,success,0,Electronics
